"#","Transaction Position","Transaction ID","Transaction Name","Segment Position","Segment ID","Segment Name","Field Position","Field ID","Field Name","Qualified Group Position","Qualified Group ID","Qualified Group Name","Qualified Field Position","Qualified Field ID","Qualified Field Name","Repeat Set Position","Repeat Set ID","Repeat Set Name","Count Group Position","Count Group ID","Count Group Name","Count Field Position","Count Field ID","Count Field Name","Counter Group Position","Counter Group ID","Counter Group Name","Iteration Field Position","Iteration Field ID","Iteration Field Name","Requirement","User Option","Excluded","Repeated","Format","Min Size","Max Size","Codelist","Name","Purpose","Data Type","Application Field Name","Application Record"
"1",,,,"1","TH","Transaction Header",,,,,,,,,,,,,,,,,,,,,,,,,"Mandatory","Must use","NO",,,,,,"Transaction Header",,,,
"2",,,,,,,"1","101-A1","BIN Number",,,,,,,,,,,,,,,,,,,,,,"Mandatory","Must use","NO",,"9(6)","1","6",,"BIN Number","Card Issuer ID or Bank ID Number used for network routing.","N",,
"3",,,,,,,"2","102-A2","Version/Release Number",,,,,,,,,,,,,,,,,,,,,,"Mandatory","Must use","NO",,"x(2)","1","2","01,02,03,31,32,3A,3B,3C,33,34,35,40,41,42,50,51,52,53,54,55,56,60,70,71,80,81,82,83,90,A0,A1,B0","Version/Release Number","Code uniquely identifying the transmission syntax and corresponding Data Dictionary.","A/N",,
"4",,,,,,,"3","103-A3","Transaction Code",,,,,,,,,,,,,,,,,,,,,,"Mandatory","Must use","NO",,"x(2)","1","2","E1,B1,B2,B3,P1,P2,P3,P4,N1,N2,N3,C1,C2,C3","Transaction Code","Code identifying the type of transaction.","A/N",,
"5",,,,,,,"4","104-A4","Processor Control Number",,,,,,,,,,,,,,,,,,,,,,"Mandatory","Must use","NO",,"x(10)","1","10",,"Processor Control Number","Number assigned by the processor.","A/N",,
"6",,,,,,,"5","109-A9","Transaction Count",,,,,,,,,,,,,,,,,,,,,,"Mandatory","Must use","NO",,"x(1)","1","1"," ,1,2,3,4","Transaction Count","Count of transactions in the transmission.","A/N",,
"7",,,,,,,,,,"6","202-B2","Service Provider ID Qualifier",,,,,,,,,,,,,,,,,,,"Mandatory","Must use","NO",,,,,,"Service Provider ID Qualifier",,,,
"8",,,,,,,,,,,,,"7","202-B2","Service Provider ID Qualifier",,,,,,,,,,,,,,,,"Mandatory","Must use","NO",,"x(2)","1","2"," ,01,02,03,04,05,06,07,08,09,10,11,12,13,14,99","Service Provider ID Qualifier","Code qualifying the ‘Service Provider ID’ (201-B1).","A/N",,
"9",,,,,,,"8","201-B1","Service Provider ID",,,,,,,,,,,,,,,,,,,,,,"Mandatory","Must use","NO",,"x(15)","1","15",,"Service Provider ID","ID assigned to a pharmacy or provider.","A/N",,
"10",,,,,,,"9","401-D1","Date Of Service",,,,,,,,,,,,,,,,,,,,,,"Mandatory","Must use","NO",,"9(8)","1","8",,"Date Of Service","Identifies date the prescription was filled or professional service rendered.","N",,
"11",,,,,,,"10","110-AK","Software Vendor/ Certification ID",,,,,,,,,,,,,,,,,,,,,,"Mandatory","Must use","NO",,"x(10)","1","10",,"Software Vendor/ Certification ID","ID assigned by the switch or processor to identify the software source.","A/N",,
"12",,,,"2","01","Patient",,,,,,,,,,,,,,,,,,,,,,,,,"Optional","Used","NO",,,,,,"Patient",,,,
"13",,,,,,,"1","111-AM","Segment Identification",,,,,,,,,,,,,,,,,,,,,,"Mandatory","Must use","NO",,"x(2)","1","2"," ,01,02,03,04,05,06,07,08,09,10,11,12,13,20,21,22,23,24,25,26","Segment Identification","Identifies the segment in the request and/or response.","A/N",,
"14",,,,,,,,,,"2","331-CX","Patient ID Qualifier",,,,,,,,,,,,,,,,,,,"Optional","Used","NO",,,,,,"Patient ID Qualifier",,,,
"15",,,,,,,,,,,,,"3","331-CX","Patient ID Qualifier",,,,,,,,,,,,,,,,"Mandatory","Must use","NO",,"x(2)","1","2"," ,01,02,03,99","Patient ID Qualifier","Code qualifying the ‘Patient ID’ (332-CY).","A/N",,
"16",,,,,,,"4","332-CY","Patient ID",,,,,,,,,,,,,,,,,,,,,,"Mandatory","Must use","NO",,"x(20)","1","20",,"Patient ID","ID assigned to the patient.","A/N",,
"17",,,,,,,"5","304-C4","Date Of Birth",,,,,,,,,,,,,,,,,,,,,,"Optional","Used","NO",,"9(8)","1","8",,"Date Of Birth","Date of birth of patient.","N",,
"18",,,,,,,"6","305-C5","Patient Gender Code",,,,,,,,,,,,,,,,,,,,,,"Optional","Used","NO",,"9(1)","1","1","0,1,2","Patient Gender Code","Code indicating the gender of the individual.","N",,
"19",,,,,,,"7","310-CA","Patient First Name",,,,,,,,,,,,,,,,,,,,,,"Optional","Used","NO",,"x(12)","1","12",,"Patient First Name","Individual first name.","A/N",,
"20",,,,,,,"8","311-CB","Patient Last Name",,,,,,,,,,,,,,,,,,,,,,"Optional","Used","NO",,"x(15)","1","15",,"Patient Last Name","Individual last name.","A/N",,
"21",,,,,,,"9","322-CM","Patient Street Address",,,,,,,,,,,,,,,,,,,,,,"Optional","Used","NO",,"x(30)","1","30",,"Patient Street Address","Free-form text for address information.","A/N",,
"22",,,,,,,"10","323-CN","Patient City Address",,,,,,,,,,,,,,,,,,,,,,"Optional","Used","NO",,"x(20)","1","20",,"Patient City Address","Free-form text for city name.","A/N",,
"23",,,,,,,"11","324-CO","Patient State/Province Address",,,,,,,,,,,,,,,,,,,,,,"Optional","Used","NO",,"x(2)","1","2","AL,AK,AZ,AR,AS,CA,CO,CT,DE,DC,FM,FL,GA,GU,HI,ID,IL,IN,IA,KS,KY,LA,ME,MH,MD,MA,MI,MN,MS,MO,MT,NE,NV,NH,NJ,NM,NY,NC,ND,MP,OH,OK,OR,PW,PA,PR,RI,SC,SD,TN,TX,UT,VT,VA,VI,WA,WV,WI,WY,AB,BC,MB,NB,NF,NS,NT,NU,ON,PE,QC,SK,YT","Patient State/Province Address","Standard State/Province Code as defined by appropriate government agency.","A/N",,
"24",,,,,,,"12","325-CP","Patient Zip/Postal Zone",,,,,,,,,,,,,,,,,,,,,,"Optional","Used","NO",,"x(15)","1","15",,"Patient Zip/Postal Zone","Code defining international postal zone excluding punctuation and blanks (zip code for US).","A/N",,
"25",,,,,,,"13","326-CQ","Patient Phone Number",,,,,,,,,,,,,,,,,,,,,,"Optional","Used","NO",,"9(10)","1","10",,"Patient Phone Number","Ten-digit phone number of patient.","N",,
"26",,,,,,,"14","307-C7","Place of Service",,,,,,,,,,,,,,,,,,,,,,"Optional","Used","NO",,"9(2)","1","2","3,4,5,6,7,8,11,12,13,14,15,20,21,22,23,24,25,26,31,32,33,34,41,42,49,50,51,52,53,54,55,56,57,60,61,62,65,71,72,81,91,99","Place of Service","Code identifying the place where a drug or service is dispensed or administered.","N",,
"27",,,,,,,"15","333-CZ","Employer ID",,,,,,,,,,,,,,,,,,,,,,"Optional","Used","NO",,"x(15)","1","15",,"Employer ID","ID assigned to employer.","A/N",,
"28",,,,,,,"16","334-1C","Smoker/Non-Smoker Code",,,,,,,,,,,,,,,,,,,,,,"Optional","Used","NO",,"x(1)","1","1"," ,1,2","Smoker/Non-Smoker Code","Code indicating the patient as a smoker or non-smoker.","A/N",,
"29",,,,,,,"17","335-2C","Pregnancy Indicator",,,,,,,,,,,,,,,,,,,,,,"Optional","Used","NO",,"x(1)","1","1"," ,1,2","Pregnancy Indicator","Code indicating the patient as pregnant or non-pregnant.","A/N",,
"30",,,,,,,"18","350-HN","Patient E-Mail Address",,,,,,,,,,,,,,,,,,,,,,"Optional","Used","NO",,"x(80)","1","80",,"Patient E-Mail Address","The E-Mail address of the patient (member).","A/N",,
"31",,,,,,,"19","384-4X","Patient Residence",,,,,,,,,,,,,,,,,,,,,,"Optional","Used","NO",,"9(2)","1","2","0,1,2,3,4,5,6,7,8,9,10,11,12,13,14,15","Patient Residence","Code identifying the patient’s place of residence.","N",,
"32",,,,"3","04","Insurance",,,,,,,,,,,,,,,,,,,,,,,,,"Mandatory","Must use","NO",,,,,,"Insurance",,,,
"33",,,,,,,"1","111-AM","Segment Identification",,,,,,,,,,,,,,,,,,,,,,"Mandatory","Must use","NO",,"x(2)","1","2"," ,01,02,03,04,05,06,07,08,09,10,11,12,13,20,21,22,23,24,25,26","Segment Identification","Identifies the segment in the request and/or response.","A/N",,
"34",,,,,,,"2","302-C2","Cardholder ID",,,,,,,,,,,,,,,,,,,,,,"Mandatory","Must use","NO",,"x(20)","1","20",,"Cardholder ID","Insurance ID assigned to the cardholder.","A/N",,
"35",,,,,,,"3","312-CC","Cardholder First Name",,,,,,,,,,,,,,,,,,,,,,"Optional","Used","NO",,"x(12)","1","12",,"Cardholder First Name","Individual first name.","A/N",,
"36",,,,,,,"4","313-CD","Cardholder Last Name",,,,,,,,,,,,,,,,,,,,,,"Optional","Used","NO",,"x(15)","1","15",,"Cardholder Last Name","Individual last name.","A/N",,
"37",,,,,,,"5","314-CE","Home Plan",,,,,,,,,,,,,,,,,,,,,,"Optional","Used","NO",,"x(3)","1","3",,"Home Plan","Code identifying the Blue Cross or Blue Shield plan ID which indicates where the member’s coverage has been designated. Usually where the member lives or purchased their coverage.","A/N",,
"38",,,,,,,"6","524-FO","Plan ID",,,,,,,,,,,,,,,,,,,,,,"Optional","Used","NO",,"x(8)","1","8",,"Plan ID","Assigned by the processor to identify a set of parameters, benefit, or coverage criteria used to adjudicate a claim.","A/N",,
"39",,,,,,,"7","309-C9","Eligibility Clarification Code",,,,,,,,,,,,,,,,,,,,,,"Optional","Used","NO",,"9(1)","1","1","0,1,2,3,4,5,6","Eligibility Clarification Code","Code indicating that the pharmacy is clarifying eligibility based on receiving a denial.","N",,
"40",,,,,,,"8","336-8C","Facility ID",,,,,,,,,,,,,,,,,,,,,,"Optional","Used","NO",,"x(10)","1","10",,"Facility ID","ID assigned to the patient’s clinic/host party.","A/N",,
"41",,,,,,,"9","301-C1","Group ID",,,,,,,,,,,,,,,,,,,,,,"Optional","Used","NO",,"x(15)","1","15",,"Group ID","ID assigned to the cardholder group or employer group.","A/N",,
"42",,,,,,,"10","303-C3","Person Code",,,,,,,,,,,,,,,,,,,,,,"Optional","Used","NO",,"x(3)","1","3",,"Person Code","Code assigned to a specific person within a family.","A/N",,
"43",,,,,,,"11","306-C6","Patient Relationship Code",,,,,,,,,,,,,,,,,,,,,,"Optional","Used","NO",,"9(1)","1","1","0,1,2,3,4","Patient Relationship Code","Code indicating relationship of patient to cardholder.","N",,
"44","4","B1","Claim  or Service Billing",,,,,,,,,,,,,,,,,,,,,,,,,,,,"Mandatory","Must use","NO","4",,,,,"Claim  or Service Billing",,,,
"45",,,,"5","07","Claim",,,,,,,,,,,,,,,,,,,,,,,,,"Mandatory","Must use","NO",,,,,,"Claim",,,,
"46",,,,,,,"1","111-AM","Segment Identification",,,,,,,,,,,,,,,,,,,,,,"Mandatory","Must use","NO",,"x(2)","1","2"," ,01,02,03,04,05,06,07,08,09,10,11,12,13,20,21,22,23,24,25,26","Segment Identification","Identifies the segment in the request and/or response.","A/N",,
"47",,,,,,,,,,"2","455-EM","Prescription/ Service Reference Number Qualifier",,,,,,,,,,,,,,,,,,,"Mandatory","Must use","NO",,,,,,"Prescription/ Service Reference Number Qualifier",,,,
"48",,,,,,,,,,,,,"3","455-EM","Prescription/ Service Reference Number Qualifier",,,,,,,,,,,,,,,,"Mandatory","Must use","NO",,"x(1)","1","1"," ,1,2","Prescription/ Service Reference Number Qualifier","Indicates the type of billing submitted.","A/N",,
"49",,,,,,,"4","402-D2","Prescription/ Service Reference Number",,,,,,,,,,,,,,,,,,,,,,"Mandatory","Must use","NO",,"9(9)","1","9",,"Prescription/ Service Reference Number","Reference number assigned by the provider for the dispensed drug/product and/or service provided.","N",,
"50",,,,,,,,,,"5","436-E1","Product/Service ID Qualifier",,,,,,,,,,,,,,,,,,,"Mandatory","Must use","NO",,,,,,"Product/Service ID Qualifier",,,,
"51",,,,,,,,,,,,,"6","436-E1","Product/Service ID Qualifier",,,,,,,,,,,,,,,,"Mandatory","Must use","NO",,"x(2)","1","2"," ,00,01,02,03,04,05,06,07,08,09,10,11,12,13,99","Product/Service ID Qualifier","Code qualifying the value in 'Product/Service ID' (407-D7).","A/N",,
"52",,,,,,,"7","407-D7","Product/Service ID",,,,,,,,,,,,,,,,,,,,,,"Mandatory","Must use","NO",,"x(19)","1","19",,"Product/Service ID","ID of the product dispensed or service provided.","A/N",,
"53",,,,,,,"8","456-EN","Associated Prescription/ Service Reference Number",,,,,,,,,,,,,,,,,,,,,,"Optional","Used","NO",,"9(9)","1","9",,"Associated Prescription/ Service Reference Number","Related ‘Prescription/Service Reference Number’ (402-D2) to which the service is associated.","N",,
"54",,,,,,,"9","457-EP","Associated Prescription/ Service Date",,,,,,,,,,,,,,,,,,,,,,"Optional","Used","NO",,"9(8)","1","8",,"Associated Prescription/ Service Date","Date of the ‘Associated Prescription/Service Reference Number’ (456-EN).","N",,
"55",,,,,,,,,,,,,,,,,,,"10","458-SE","Procedure Modifier Code Count",,,,,,,,,,"Optional","Used","NO",,,,,,"Procedure Modifier Code Count",,,,
"56",,,,,,,,,,,,,,,,,,,,,,"11","458-SE","Procedure Modifier Code Count",,,,,,,"Mandatory","Must use","NO",,"9(2)","1","1",,"Procedure Modifier Code Count","Count of the ‘Procedure Modifier Code’ (459-ER) occurrences.","N",,
"57",,,,,,,,,,,,,,,,"12","458-SE","Procedure Modifier Code Count",,,,,,,,,,,,,"Optional","Used","NO","9",,,,,"Procedure Modifier Code Count",,,,
"58",,,,,,,"13","459-ER","Procedure Modifier Code",,,,,,,,,,,,,,,,,,,,,,"Optional","Used","NO",,"x(2)","1","2",,"Procedure Modifier Code","Identifies special circumstances related to the performance of the service.","A/N",,
"59",,,,,,,"14","442-E7","Quantity Dispensed",,,,,,,,,,,,,,,,,,,,,,"Optional","Used","NO",,"9(7)v999","1","10",,"Quantity Dispensed","Quantity dispensed expressed in metric decimal units.","N",,
"60",,,,,,,"15","403-D3","Fill Number",,,,,,,,,,,,,,,,,,,,,,"Optional","Used","NO",,"9(2)","1","2","0,1,2,3,4,5,6,7,8,9,10,11,12,13,14,15,16,17,18,19,20,21,22,23,24,25,26,27,28,29,30,31,32,33,34,35,36,37,38,39,40,41,42,43,44,45,46,47,48,49,50,51,52,53,54,55,56,57,58,59,60,61,62,63,64,65,66,67,68,69,70,71,72,73,74,75,76,77,78,79,80,81,82,83,84,85,86,87,88,89,90,91,92,93,94,95,96,97,98,99","Fill Number","The code indicating whether the prescription is an original or a refill.","N",,
"61",,,,,,,"16","405-D5","Days Supply",,,,,,,,,,,,,,,,,,,,,,"Optional","Used","NO",,"9(3)","1","3",,"Days Supply","Estimated number of days the prescription will last.","N",,
"62",,,,,,,"17","406-D6","Compound Code",,,,,,,,,,,,,,,,,,,,,,"Optional","Used","NO",,"9(1)","1","1","0,1,2","Compound Code","Code indicating whether or not the prescription is a compound.","N",,
"63",,,,,,,"18","408-D8","Dispense As Written (DAW)/ Product Selection Code",,,,,,,,,,,,,,,,,,,,,,"Optional","Used","NO",,"x(1)","1","1","0,1,2,3,4,5,6,7,8,9","Dispense As Written (DAW)/ Product Selection Code","Code indicating whether or not the prescriber’s instructions regarding generic substitution were followed.","A/N",,
"64",,,,,,,"19","414-DE","Date Prescription Written",,,,,,,,,,,,,,,,,,,,,,"Optional","Used","NO",,"9(8)","1","8",,"Date Prescription Written","Date prescription was written.","N",,
"65",,,,,,,"20","415-DF","Number of Refills Authorized",,,,,,,,,,,,,,,,,,,,,,"Optional","Used","NO",,"9(2)","1","2","0,1,2,3,4,5,6,7,8,9,10,11,12,13,14,15,16,17,18,19,20,21,22,23,24,25,26,27,28,29,30,31,32,33,34,35,36,37,38,39,40,41,42,43,44,45,46,47,48,49,50,51,52,53,54,55,56,57,58,59,60,61,62,63,64,65,66,67,68,69,70,71,72,73,74,75,76,77,78,79,80,81,82,83,84,85,86,87,88,89,90,91,92,93,94,95,96,97,98,99","Number of Refills Authorized","Number of refills authorized by the prescriber.","N",,
"66",,,,,,,"21","419-DJ","Prescription Origin Code",,,,,,,,,,,,,,,,,,,,,,"Optional","Used","NO",,"9(1)","1","1","0,1,2,3,4","Prescription Origin Code","Code indicating the origin of the prescription.","N",,
"67",,,,,,,,,,,,,,,,,,,"22","354-NX","Submission Clarification Code Count",,,,,,,,,,"Optional","Used","NO",,,,,,"Submission Clarification Code Count",,,,
"68",,,,,,,,,,,,,,,,,,,,,,"23","354-NX","Submission Clarification Code Count",,,,,,,"Mandatory","Must use","NO",,"9(1)","1","1",,"Submission Clarification Code Count","Count of the ‘Submission Clarification Code’ (420-DK) occurrences.","N",,
"69",,,,,,,,,,,,,,,,"24","354-NX","Submission Clarification Code Count",,,,,,,,,,,,,"Optional","Used","NO","9",,,,,"Submission Clarification Code Count",,,,
"70",,,,,,,"25","420-DK","Submission Clarification Code",,,,,,,,,,,,,,,,,,,,,,"Optional","Used","NO",,"9(2)","1","2","0,1,2,3,4,5,6,7,8,9,10,99","Submission Clarification Code","Code indicating that the pharmacist is clarifying the submission.","N",,
"71",,,,,,,"26","460-ET","Quantity Prescribed",,,,,,,,,,,,,,,,,,,,,,"Optional","Used","NO",,"9(7)v999","1","10",,"Quantity Prescribed","Amount expressed in metric decimal units.","N",,
"72",,,,,,,"27","308-C8","Other Coverage Code",,,,,,,,,,,,,,,,,,,,,,"Optional","Used","NO",,"9(2)","1","2","0,1,2,3,4,5,6,7,8","Other Coverage Code","Code indicating whether or not the patient has other insurance coverage.","N",,
"73",,,,,,,"28","429-DT","Unit Dose Indicator",,,,,,,,,,,,,,,,,,,,,,"Optional","Used","NO",,"9(1)","1","1","0,1,2,3,4","Unit Dose Indicator","Code indicating the type of unit dose dispensing.","N",,
"74",,,,,,,,,,"29","453-EJ","Originally Prescribed Product/Service ID Qualifier",,,,,,,,,,,,,,,,,,,"Optional","Used","NO",,,,,,"Originally Prescribed Product/Service ID Qualifier",,,,
"75",,,,,,,,,,,,,"30","453-EJ","Originally Prescribed Product/Service ID Qualifier",,,,,,,,,,,,,,,,"Mandatory","Must use","NO",,"x(2)","1","2"," ,00,01,02,03,04,05,06,07,08,09,10,11,12,13,99","Originally Prescribed Product/Service ID Qualifier","Code qualifying the value in 'Originally Prescribed Product/Service Code’ (Field 445-EA).","A/N",,
"76",,,,,,,"31","445-EA","Originally Prescribed Product/Service Code",,,,,,,,,,,,,,,,,,,,,,"Mandatory","Must use","NO",,"x(19)","1","19",,"Originally Prescribed Product/Service Code","Code of the initially prescribed product or service.","A/N",,
"77",,,,,,,"32","446-EB","Originally Prescribed Quantity",,,,,,,,,,,,,,,,,,,,,,"Optional","Used","NO",,"9(7)v999","1","10",,"Originally Prescribed Quantity","Product initially prescribed amount expressed in metric decimal units.","N",,
"78",,,,,,,"33","330-CW","Alternate ID",,,,,,,,,,,,,,,,,,,,,,"Optional","Used","NO",,"x(20)","1","20",,"Alternate ID","Person identifier to be used for controlled product reporting. Identifier may be that of the patient or the person picking up the prescription as required by the governing body.","A/N",,
"79",,,,,,,"34","454-EK","Scheduled Prescription ID Number",,,,,,,,,,,,,,,,,,,,,,"Optional","Used","NO",,"x(12)","1","12",,"Scheduled Prescription ID Number","The serial number of the prescription blank/form.","A/N",,
"80",,,,,,,"35","600-28","Unit Of Measure",,,,,,,,,,,,,,,,,,,,,,"Optional","Used","NO",,"x(2)","1","2","EA,GM,ML","Unit Of Measure","NCPDP standard product billing codes.","A/N",,
"81",,,,,,,"36","418-DI","Level Of Service",,,,,,,,,,,,,,,,,,,,,,"Optional","Used","NO",,"9(2)","1","2","0,1,2,3,4,5,6","Level Of Service","Coding indicating the type of service the provider rendered.","N",,
"82",,,,,,,"37","461-EU","Prior Authorization Type Code",,,,,,,,,,,,,,,,,,,,,,"Optional","Used","NO",,"9(2)","1","2","0,1,2,3,4,5,6,7,8","Prior Authorization Type Code","Code clarifying the ‘Prior Authorization Number Submitted’ (462-EV) or benefit/plan exemption.","N",,
"83",,,,,,,"38","462-EV","Prior Authorization Number Submitted",,,,,,,,,,,,,,,,,,,,,,"Optional","Used","NO",,"9(11)","1","11",,"Prior Authorization Number Submitted","Number submitted by the provider to identify the prior authorization.","N",,
"84",,,,,,,"39","463-EW","Intermediary Authorization Type ID",,,,,,,,,,,,,,,,,,,,,,"Optional","Used","NO",,"9(2)","1","2","0,1,99","Intermediary Authorization Type ID","Value indicating that authorization occurred for intermediary processing.","N",,
"85",,,,,,,"40","464-EX","Intermediary Authorization ID",,,,,,,,,,,,,,,,,,,,,,"Optional","Used","NO",,"x(11)","1","11",,"Intermediary Authorization ID","Value indicating intermediary authorization occurred.","A/N",,
"86",,,,,,,"41","343-HD","Dispensing Status",,,,,,,,,,,,,,,,,,,,,,"Optional","Used","NO",,"x(1)","1","1"," ,P,C","Dispensing Status","Code indicating the quantity dispensed is a partial fill or the completion of a partial fill. Used only in situations where inventory shortages do not allow the full quantity to be dispensed.","A/N",,
"87",,,,,,,"42","344-HF","Quantity Intended To Be Dispensed",,,,,,,,,,,,,,,,,,,,,,"Optional","Used","NO",,"9(7)V999","1","10",,"Quantity Intended To Be Dispensed","Metric decimal quantity of medication that would be dispensed on original filling if inventory were available. Used in association with a ‘P’ or ‘C’ in ‘Dispensing Status’ (343­HD).","N",,
"88",,,,,,,"43","345-HG","Days Supply Intended To Be Dispensed",,,,,,,,,,,,,,,,,,,,,,"Optional","Used","NO",,"9(3)","1","3",,"Days Supply Intended To Be Dispensed","Days supply for metric decimal quantity of medication that would be dispensed on original dispensing if inventory were available. Used in association with a ‘P’ or ‘C’ in ‘Dispensing Status’ (343-HD).","N",,
"89",,,,,,,"44","357-NV","Delay Reason Code",,,,,,,,,,,,,,,,,,,,,,"Optional","Used","NO",,"9(2)","1","2","1,2,3,4,5,6,7,8,9,10,11,12,13,14","Delay Reason Code","Code to specify the reason that submission of the transactions has been delayed.","N",,
"90",,,,"6","02","Pharmacy Provider",,,,,,,,,,,,,,,,,,,,,,,,,"Optional","Used","NO",,,,,,"Pharmacy Provider",,,,
"91",,,,,,,"1","111-AM","Segment Identification",,,,,,,,,,,,,,,,,,,,,,"Mandatory","Must use","NO",,"x(2)","1","2"," ,01,02,03,04,05,06,07,08,09,10,11,12,13,20,21,22,23,24,25,26","Segment Identification","Identifies the segment in the request and/or response.","A/N",,
"92",,,,,,,,,,"2","465-EY","Provider ID Qualifier",,,,,,,,,,,,,,,,,,,"Optional","Used","NO",,,,,,"Provider ID Qualifier",,,,
"93",,,,,,,,,,,,,"3","465-EY","Provider ID Qualifier",,,,,,,,,,,,,,,,"Mandatory","Must use","NO",,"x(2)","1","2"," ,01,02,03,04,05,06,07,99","Provider ID Qualifier","Code qualifying the ‘Provider ID’ (444-E9).","A/N",,
"94",,,,,,,"4","444-E9","Provider ID",,,,,,,,,,,,,,,,,,,,,,"Mandatory","Must use","NO",,"x(15)","1","15",,"Provider ID","Unique ID assigned to the person responsible for the dispensing of the prescription or provision of the service.","A/N",,
"95",,,,"7","03","Prescriber",,,,,,,,,,,,,,,,,,,,,,,,,"Optional","Used","NO",,,,,,"Prescriber",,,,
"96",,,,,,,"1","111-AM","Segment Identification",,,,,,,,,,,,,,,,,,,,,,"Mandatory","Must use","NO",,"x(2)","1","2"," ,01,02,03,04,05,06,07,08,09,10,11,12,13,20,21,22,23,24,25,26","Segment Identification","Identifies the segment in the request and/or response.","A/N",,
"97",,,,,,,,,,"2","466-EZ","Prescriber ID Qualifier",,,,,,,,,,,,,,,,,,,"Optional","Used","NO",,,,,,"Prescriber ID Qualifier",,,,
"98",,,,,,,,,,,,,"3","466-EZ","Prescriber ID Qualifier",,,,,,,,,,,,,,,,"Mandatory","Must use","NO",,"x(2)","1","2"," ,01,02,03,04,05,06,07,08,09,10,11,12,13,14,99","Prescriber ID Qualifier","Code qualifying the ‘Prescriber ID’ (411-DB).","A/N",,
"99",,,,,,,"4","411-DB","Prescriber ID",,,,,,,,,,,,,,,,,,,,,,"Mandatory","Must use","NO",,"x(15)","1","15",,"Prescriber ID","ID assigned to the prescriber.","A/N",,
"100",,,,,,,"5","467-1E","Prescriber Location Code",,,,,,,,,,,,,,,,,,,,,,"Optional","Used","NO",,"x(3)","1","3",,"Prescriber Location Code","Location address code assigned to the prescriber as identified in the National Provider System (NPS).","A/N",,
"101",,,,,,,"6","427-DR","Prescriber Last Name",,,,,,,,,,,,,,,,,,,,,,"Optional","Used","NO",,"x(15)","1","15",,"Prescriber Last Name","Individual last name.","A/N",,
"102",,,,,,,"7","498-PM","Prescriber Phone Number",,,,,,,,,,,,,,,,,,,,,,"Optional","Used","NO",,"9(10)","1","10",,"Prescriber Phone Number","Ten-digit phone number of the prescriber.","N",,
"103",,,,,,,,,,"8","468-2E","Primary Care Provider ID Qualifier",,,,,,,,,,,,,,,,,,,"Optional","Used","NO",,,,,,"Primary Care Provider ID Qualifier",,,,
"104",,,,,,,,,,,,,"9","468-2E","Primary Care Provider ID Qualifier",,,,,,,,,,,,,,,,"Mandatory","Must use","NO",,"x(2)","1","2"," ,01,02,03,04,05,06,07,08,09,10,11,12,13,14,99","Primary Care Provider ID Qualifier","Code qualifying the ‘Primary Care Provider ID’ (421-DL).","A/N",,
"105",,,,,,,"10","421-DL","Primary Care Provider ID",,,,,,,,,,,,,,,,,,,,,,"Mandatory","Must use","NO",,"x(15)","1","15",,"Primary Care Provider ID","ID assigned to the primary care provider. Used when the patient is referred to a secondary care provider.","A/N",,
"106",,,,,,,"11","469-H5","Primary Care Provider Location Code",,,,,,,,,,,,,,,,,,,,,,"Optional","Used","NO",,"x(3)","1","3",,"Primary Care Provider Location Code","Location address code assigned to the primary care provider as identified in the National Provider System (NPS).","A/N",,
"107",,,,,,,"12","470-4E","Primary Care Provider Last Name",,,,,,,,,,,,,,,,,,,,,,"Optional","Used","NO",,"x(15)","1","15",,"Primary Care Provider Last Name","Individual last name.","A/N",,
"108",,,,"8","05","COB/Other Payments",,,,,,,,,,,,,,,,,,,,,,,,,"Optional","Used","NO",,,,,,"COB/Other Payments",,,,
"109",,,,,,,"1","111-AM","Segment Identification",,,,,,,,,,,,,,,,,,,,,,"Mandatory","Must use","NO",,"x(2)","1","2"," ,01,02,03,04,05,06,07,08,09,10,11,12,13,20,21,22,23,24,25,26","Segment Identification","Identifies the segment in the request and/or response.","A/N",,
"110",,,,,,,,,,,,,,,,,,,"2","337-4C","Coordination of Benefits/Other Payments Count",,,,,,,,,,"Mandatory","Must use","NO",,,,,,"Coordination of Benefits/Other Payments Count",,,,
"111",,,,,,,,,,,,,,,,,,,,,,"3","337-4C","Coordination of Benefits/Other Payments Count",,,,,,,"Mandatory","Must use","NO",,"9(1)","1","1",,"Coordination of Benefits/Other Payments Count","Count of other payment occurrences.","N",,
"112",,,,,,,,,,,,,,,,"4","337-4C","Coordination of Benefits/Other Payments Count",,,,,,,,,,,,,"Mandatory","Must use","NO","9",,,,,"Coordination of Benefits/Other Payments Count",,,,
"113",,,,,,,"5","338-5C","Other Payer Coverage Type",,,,,,,,,,,,,,,,,,,,,,"Mandatory","Must use","NO",,"x(2)","1","2"," ,01,02,03,98,99","Other Payer Coverage Type","Code identifying the type of ‘Other Payer ID’ (340-7C).","A/N",,
"114",,,,,,,,,,"6","339-6C","Other Payer ID Qualifier",,,,,,,,,,,,,,,,,,,"Optional","Used","NO",,,,,,"Other Payer ID Qualifier",,,,
"115",,,,,,,,,,,,,"7","339-6C","Other Payer ID Qualifier",,,,,,,,,,,,,,,,"Mandatory","Must use","NO",,"x(2)","1","2"," ,01,02,03,04,09,99","Other Payer ID Qualifier","Code qualifying the ‘Other Payer ID’ (340-7C).","A/N",,
"116",,,,,,,"8","340-7C","Other Payer ID",,,,,,,,,,,,,,,,,,,,,,"Mandatory","Must use","NO",,"x(10)","1","10",,"Other Payer ID","ID assigned to the payer.","A/N",,
"117",,,,,,,"9","443-E8","Other Payer Date",,,,,,,,,,,,,,,,,,,,,,"Optional","Used","NO",,"9(8)","1","8",,"Other Payer Date","Payment or denial date of the claim submitted to the other payer. Used for coordination of benefits.","N",,
"118",,,,,,,,,,,,,,,,,,,"10","341-HB","Other Payer Amount Paid Count",,,,,,,,,,"Optional","Used","NO",,,,,,"Other Payer Amount Paid Count",,,,
"119",,,,,,,,,,,,,,,,,,,,,,"11","341-HB","Other Payer Amount Paid Count",,,,,,,"Mandatory","Must use","NO",,"9(1)","1","1",,"Other Payer Amount Paid Count","Count of the payer amount paid occurrences.","N",,
"120",,,,,,,,,,,,,,,,"12","341-HB","Other Payer Amount Paid Count",,,,,,,,,,,,,"Optional","Used","NO","9",,,,,"Other Payer Amount Paid Count",,,,
"121",,,,,,,,,,"13","342-HC","Other Payer Amount Paid Qualifier",,,,,,,,,,,,,,,,,,,"Optional","Used","NO",,,,,,"Other Payer Amount Paid Qualifier",,,,
"122",,,,,,,,,,,,,"14","342-HC","Other Payer Amount Paid Qualifier",,,,,,,,,,,,,,,,"Mandatory","Must use","NO",,"x(2)","1","2"," ,01,02,03,04,05,06,07,08,98,99","Other Payer Amount Paid Qualifier","Code qualifying the ‘Other Payer Amount Paid’ (431-DV).","A/N",,
"123",,,,,,,"15","431-DV","Other Payer Amount Paid",,,,,,,,,,,,,,,,,,,,,,"Mandatory","Must use","NO",,"s9(6)v99","1","8",,"Other Payer Amount Paid","Amount of any payment known by the pharmacy from other sources (including coupons).","D",,
"124",,,,,,,,,,,,,,,,,,,"15","471-5E","Other Payer Reject Count",,,,,,,,,,"Optional","Used","NO",,,,,,"Other Payer Reject Count",,,,
"125",,,,,,,,,,,,,,,,,,,,,,"16","471-5E","Other Payer Reject Count",,,,,,,"Mandatory","Must use","NO",,"9(2)","1","2",,"Other Payer Reject Count","Count of ‘Other Payer Reject Code’ (472-6E) occurrences.","N",,
"126",,,,,,,,,,,,,,,,"17","471-5E","Other Payer Reject Count",,,,,,,,,,,,,"Optional","Used","NO","99",,,,,"Other Payer Reject Count",,,,
"127",,,,,,,"18","472-6E","Other Payer Reject Code",,,,,,,,,,,,,,,,,,,,,,"Optional","Used","NO",,"x(3)","1","3",,"Other Payer Reject Code","The error encountered by the previous “Other Payer” in ‘Reject Code’ (511-FB).","A/N",,
"128",,,,,,,,,,,,,,,,,,,"18","353-NR","Other Payer-Patient Responsibility Amount Count",,,,,,,,,,"Optional","Used","NO",,,,,,"Other Payer-Patient Responsibility Amount Count",,,,
"129",,,,,,,,,,,,,,,,,,,,,,"19","353-NR","Other Payer-Patient Responsibility Amount Count",,,,,,,"Mandatory","Must use","NO",,"9(1)","1","1",,"Other Payer-Patient Responsibility Amount Count","Count of “Other Payer-Patient Responsibility Amount” (352­NQ) and “Other Payer-Patient Responsibility Amount Qualifier” (351-NP) occurrences.","N",,
"130",,,,,,,,,,,,,,,,"20","353-NR","Other Payer-Patient Responsibility Amount Count",,,,,,,,,,,,,"Optional","Used","NO","9",,,,,"Other Payer-Patient Responsibility Amount Count",,,,
"131",,,,,,,,,,"21","351-NP","Other Payer-Patient Responsibility Amount Qualifier",,,,,,,,,,,,,,,,,,,"Optional","Used","NO",,,,,,"Other Payer-Patient Responsibility Amount Qualifier",,,,
"132",,,,,,,,,,,,,"22","351-NP","Other Payer-Patient Responsibility Amount Qualifier",,,,,,,,,,,,,,,,"Mandatory","Must use","NO",,"X(1)","1","1"," ,1,2,3,4,5,6","Other Payer-Patient Responsibility Amount Qualifier","Code qualifying the “Other Payer-Patient Responsibility Amount (352-NQ)”.","A/N",,
"133",,,,,,,"23","352-NQ","Other Payer-Patient Responsibility Amount",,,,,,,,,,,,,,,,,,,,,,"Mandatory","Must use","NO",,"s9(8)v99","1","10",,"Other Payer-Patient Responsibility Amount","The patient’s cost share from a previous payer.","D",,
"134",,,,"9","06","Worker's Compensation",,,,,,,,,,,,,,,,,,,,,,,,,"Optional","Used","NO",,,,,,"Worker's Compensation",,,,
"135",,,,,,,"1","111-AM","Segment Identification",,,,,,,,,,,,,,,,,,,,,,"Mandatory","Must use","NO",,"x(2)","1","2"," ,01,02,03,04,05,06,07,08,09,10,11,12,13,20,21,22,23,24,25,26","Segment Identification","Identifies the segment in the request and/or response.","A/N",,
"136",,,,,,,"2","434-DY","Date Of Injury",,,,,,,,,,,,,,,,,,,,,,"Mandatory","Must use","NO",,"9(8)","1","8",,"Date Of Injury","Date on which the injury occurred.","N",,
"137",,,,,,,"3","315-CF","Employer Name",,,,,,,,,,,,,,,,,,,,,,"Optional","Used","NO",,"x(30)","1","30",,"Employer Name","Complete name of employer.","A/N",,
"138",,,,,,,"4","316-CG","Employer Street Address",,,,,,,,,,,,,,,,,,,,,,"Optional","Used","NO",,"x(30)","1","30",,"Employer Street Address","Free-form text for address information.","A/N",,
"139",,,,,,,"5","317-CH","Employer City Address",,,,,,,,,,,,,,,,,,,,,,"Optional","Used","NO",,"x(20)","1","20",,"Employer City Address","Free-form text for city name.","A/N",,
"140",,,,,,,"6","318-CI","Employer State/ Province Address",,,,,,,,,,,,,,,,,,,,,,"Optional","Used","NO",,"x(2)","1","2","AL,AK,AZ,AR,AS,CA,CO,CT,DE,DC,FM,FL,GA,GU,HI,ID,IL,IN,IA,KS,KY,LA,ME,MH,MD,MA,MI,MN,MS,MO,MT,NE,NV,NH,NJ,NM,NY,NC,ND,MP,OH,OK,OR,PW,PA,PR,RI,SC,SD,TN,TX,UT,VT,VA,VI,WA,WV,WI,WY,AB,BC,MB,NB,NF,NS,NT,NU,ON,PE,QC,SK,YT","Employer State/ Province Address","Standard State/Province Code as defined by appropriate government agency.","A/N",,
"141",,,,,,,"7","319-CJ","Employer Zip/ Postal Zone",,,,,,,,,,,,,,,,,,,,,,"Optional","Used","NO",,"x(15)","1","15",,"Employer Zip/ Postal Zone","Code defining international postal zone excluding punctuation and blanks (zip code for US).","A/N",,
"142",,,,,,,"8","320-CK","Employer Phone Number",,,,,,,,,,,,,,,,,,,,,,"Optional","Used","NO",,"9(10)","1","10",,"Employer Phone Number","Ten-digit phone number of employer.","N",,
"143",,,,,,,"9","321-CL","Employer Contact Name",,,,,,,,,,,,,,,,,,,,,,"Optional","Used","NO",,"x(30)","1","30",,"Employer Contact Name","Employer primary contact.","A/N",,
"144",,,,,,,"10","327-CR","Carrier ID",,,,,,,,,,,,,,,,,,,,,,"Optional","Used","NO",,"x(10)","1","10",,"Carrier ID","Carrier code assigned in Worker’s Compensation Program.","A/N",,
"145",,,,,,,"11","435-DZ","Claim/Reference ID",,,,,,,,,,,,,,,,,,,,,,"Optional","Used","NO",,"x(30)","1","30",,"Claim/Reference ID","Identifies the claim number assigned by Worker’s Compensation Program.","A/N",,
"146",,,,"10","08","DUR/PPS",,,,,,,,,,,,,,,,,,,,,,,,,"Optional","Used","NO",,,,,,"DUR/PPS",,,,
"147",,,,,,,"1","111-AM","Segment Identification",,,,,,,,,,,,,,,,,,,,,,"Mandatory","Must use","NO",,"x(2)","1","2"," ,01,02,03,04,05,06,07,08,09,10,11,12,13,20,21,22,23,24,25,26","Segment Identification","Identifies the segment in the request and/or response.","A/N",,
"148",,,,,,,,,,,,,,,,,,,,,,,,,"2","473-7E","DUR/PPS Code Counter",,,,"Optional","Used","NO","9",,,,,"DUR/PPS Code Counter",,,,
"149",,,,,,,,,,,,,,,,,,,,,,,,,,,,"3","473-7E","DUR/PPS Code Counter","Mandatory","Must use","NO",,"9(1)","1","1",,"DUR/PPS Code Counter","Counter number for each DUR/PPS set/logical grouping.","N",,
"150",,,,,,,"5","439-E4","Reason For Service Code",,,,,,,,,,,,,,,,,,,,,,"Optional","Used","NO",,"x(2)","1","2","AD,AN,AR,AT,CD,CH,CS,DA,DC,DD,DF,DI,DL,DM,DS,ED,ER,EX,HD,IC,ID,LD,LK,LR,MC,MN,MS,MX,NA,NC,ND,NF,NN,NP,NR,NS,OH,PA,PC,PG,PH,PN,PP,PR,PS,RE,RF,SC,SD,SE,SF,SR,SX,TD,TN,TP","Reason For Service Code","Code identifying the type of utilization conflict detected or the reason for the pharmacist’s professional service.","A/N",,
"151",,,,,,,"6","440-E5","Professional Service Code",,,,,,,,,,,,,,,,,,,,,,"Optional","Used","NO",,"x(2)","1","2","00,AS,CC,DE,FE,GP,MA,M0,MR,PE,PH,PM,P0,PT,R0,RT,SC,SW,TC,TH","Professional Service Code","Code identifying pharmacist intervention when a conflict code has been identified or service has been rendered.","A/N",,
"152",,,,,,,"7","441-E6","Result of Service Code",,,,,,,,,,,,,,,,,,,,,,"Optional","Used","NO",,"x(2)","1","2","00,1A,1B,1C,1D,1E,1F,1G,1H,1J,1K,2A,2B,3A,3B,3C,3D,3E,3F,3G,3H,3J,3K,3M,3N","Result of Service Code","Action taken by a pharmacist in response to a conflict or the result of a pharmacist’s professional service.","A/N",,
"153",,,,,,,"8","474-8E","DUR/PPS Level Of Effort",,,,,,,,,,,,,,,,,,,,,,"Optional","Used","NO",,"9(2)","1","2","0,11,12,13,14,15","DUR/PPS Level Of Effort","Code indicating the level of effort as determined by the complexity of decision making or resources utilized by a pharmacist to perform a professional service.","N",,
"154",,,,,,,,,,"9","475-J9","DUR Co-Agent ID Qualifier",,,,,,,,,,,,,,,,,,,"Optional","Used","NO",,,,,,"DUR Co-Agent ID Qualifier",,,,
"155",,,,,,,,,,,,,"10","475-J9","DUR Co-Agent ID Qualifier",,,,,,,,,,,,,,,,"Mandatory","Must use","NO",,"x(2)","1","2"," ,01,02,03,04,05,07,08,09,11,12,13,14,15,16,17,18,19,20,21,22,23,24,25,26,27,99","DUR Co-Agent ID Qualifier","Code qualifying the value in ‘DUR Co-Agent ID’ (476-H6).","A/N",,
"156",,,,,,,"11","476-H6","DUR Co-Agent ID",,,,,,,,,,,,,,,,,,,,,,"Mandatory","Must use","NO",,"x(19)","1","19",,"DUR Co-Agent ID","Identifies the co-existing agent contributing to the DUR event (drug or disease conflicting with the prescribed drug or prompting pharmacist professional service).","A/N",,
"157",,,,"11","11","Pricing",,,,,,,,,,,,,,,,,,,,,,,,,"Mandatory","Must use","NO",,,,,,"Pricing",,,,
"158",,,,,,,"1","111-AM","Segment Identification",,,,,,,,,,,,,,,,,,,,,,"Mandatory","Must use","NO",,"x(2)","1","2"," ,01,02,03,04,05,06,07,08,09,10,11,12,13,20,21,22,23,24,25,26","Segment Identification","Identifies the segment in the request and/or response.","A/N",,
"159",,,,,,,"2","409-D9","Ingredient Cost Submitted",,,,,,,,,,,,,,,,,,,,,,"Optional","Used","NO",,"s9(6)v99","1","8",,"Ingredient Cost Submitted","Submitted product component cost of the dispensed prescription. This amount is included in the 'Gross Amount Due' (430-DU).","D",,
"160",,,,,,,"3","412-DC","Dispensing Fee Submitted",,,,,,,,,,,,,,,,,,,,,,"Optional","Used","NO",,"s9(6)v99","1","8",,"Dispensing Fee Submitted","Dispensing fee submitted by the pharmacy. This amount is included in the 'Gross Amount Due' (430-DU).","D",,
"161",,,,,,,"4","477-BE","Professional Service Fee Submitted",,,,,,,,,,,,,,,,,,,,,,"Optional","Used","NO",,"s9(6)v99","1","8",,"Professional Service Fee Submitted","Amount submitted by the provider for professional services rendered.","D",,
"162",,,,,,,"5","433-DX","Patient Paid Amount Submitted",,,,,,,,,,,,,,,,,,,,,,"Optional","Used","NO",,"s9(6)v99","1","8",,"Patient Paid Amount Submitted","Amount the pharmacy received from the patient for the prescription dispensed.","D",,
"163",,,,,,,"6","438-E3","Incentive Amount Submitted",,,,,,,,,,,,,,,,,,,,,,"Optional","Used","NO",,"s9(6)v99","1","8",,"Incentive Amount Submitted","Amount represents a fee that is submitted by the pharmacy for contractually agreed upon services. This amount is included in the 'Gross Amount Due' (430-DU).","D",,
"164",,,,,,,,,,,,,,,,,,,"7","478-H7","Other Amount Claimed Submitted Count",,,,,,,,,,"Optional","Used","NO",,,,,,"Other Amount Claimed Submitted Count",,,,
"165",,,,,,,,,,,,,,,,,,,,,,"8","478-H7","Other Amount Claimed Submitted Count",,,,,,,"Mandatory","Must use","NO",,"9(1)","1","1",,"Other Amount Claimed Submitted Count","Count of other amount claimed submitted occurrences.","N",,
"166",,,,,,,,,,,,,,,,"9","478-H7","Other Amount Claimed Submitted Count",,,,,,,,,,,,,"Optional","Used","NO","9",,,,,"Other Amount Claimed Submitted Count",,,,
"167",,,,,,,,,,"10","479-H8","Other Amount Claimed Submitted Qualifier",,,,,,,,,,,,,,,,,,,"Optional","Used","NO",,,,,,"Other Amount Claimed Submitted Qualifier",,,,
"168",,,,,,,,,,,,,"11","479-H8","Other Amount Claimed Submitted Qualifier",,,,,,,,,,,,,,,,"Mandatory","Must use","NO",,"x(2)","1","2"," ,01,02,03,04,99","Other Amount Claimed Submitted Qualifier","Code identifying the additional incurred cost claimed in ‘Other Amount Claimed Submitted’ (480-H9).","A/N",,
"169",,,,,,,"12","480-H9","Other Amount Claimed Submitted",,,,,,,,,,,,,,,,,,,,,,"Mandatory","Must use","NO",,"s9(6)v99","1","8",,"Other Amount Claimed Submitted","Amount representing the additional incurred costs for a dispensed prescription or service.","D",,
"170",,,,,,,"13","481-HA","Flat Sales Tax Amount Submitted",,,,,,,,,,,,,,,,,,,,,,"Optional","Used","NO",,"s9(6)v99","1","8",,"Flat Sales Tax Amount Submitted","Flat sales tax submitted for prescription. This amount is included in the ‘Gross Amount Due’ (430-DU).","D",,
"171",,,,,,,"14","482-GE","Percentage Sales Tax Amount Submitted",,,,,,,,,,,,,,,,,,,,,,"Optional","Used","NO",,"s9(6)v99","1","8",,"Percentage Sales Tax Amount Submitted","Percentage sales tax submitted.","D",,
"172",,,,,,,"15","483-HE","Percentage Sales Tax Rate Submitted",,,,,,,,,,,,,,,,,,,,,,"Optional","Used","NO",,"s9(3)v9999","1","7",,"Percentage Sales Tax Rate Submitted","Percentage sales tax rate used to calculate ‘Percentage Sales Tax Amount Submitted’ (482­GE).","D",,
"173",,,,,,,"16","484-JE","Percentage Sales Tax Basis Submitted",,,,,,,,,,,,,,,,,,,,,,"Optional","Used","NO",,"x(2)","1","2"," ,01,02,03","Percentage Sales Tax Basis Submitted","Code indicating the basis for percentage sales tax.","A/N",,
"174",,,,,,,"17","426-DQ","Usual and Customary Charge",,,,,,,,,,,,,,,,,,,,,,"Optional","Used","NO",,"s9(6)v99","1","8",,"Usual and Customary Charge","Amount charged cash customers for the prescription exclusive of sales tax or other amounts claimed.","D",,
"175",,,,,,,"18","430-DU","Gross Amount Due",,,,,,,,,,,,,,,,,,,,,,"Optional","Used","NO",,"s9(6)v99","1","8",,"Gross Amount Due","Total price claimed from all sources. For prescription claim request, field represents a sum of ‘Ingredient Cost Submitted’ (409-D9), ‘Dispensing Fee Submitted’ (412-DC), ‘Flat Sales Tax Amount Submitted’ (481-HA), ‘Percentage Sales Tax Amount Submitted’ (482-GE), ‘Incentive Amount Submitted’ (438-E3), ‘Other Amount Claimed’ (480-H9). For service claim request, field represents a sum of ‘Professional Services Fee Submitted’ (477­BE), ‘Flat Sales Tax Amount Submitted’ (481-HA), ‘Percentage Sales Tax Amount Submitted’ (482-GE), ‘Other Amount Claimed’ (480-H9).","D",,
"176",,,,,,,"19","423-DN","Basis Of Cost Determination",,,,,,,,,,,,,,,,,,,,,,"Optional","Used","NO",,"x(2)","1","2"," ,00,01,02,03,04,05,06,07,08,09","Basis Of Cost Determination","Code indicating the method by which 'Ingredient Cost Submitted' (Field 409-D9) was calculated.","A/N",,
"177",,,,"12","09","Coupon",,,,,,,,,,,,,,,,,,,,,,,,,"Optional","Used","NO",,,,,,"Coupon",,,,
"178",,,,,,,"1","111-AM","Segment Identification",,,,,,,,,,,,,,,,,,,,,,"Mandatory","Must use","NO",,"x(2)","1","2"," ,01,02,03,04,05,06,07,08,09,10,11,12,13,20,21,22,23,24,25,26","Segment Identification","Identifies the segment in the request and/or response.","A/N",,
"179",,,,,,,"2","485-KE","Coupon Type",,,,,,,,,,,,,,,,,,,,,,"Mandatory","Must use","NO",,"x(2)","1","2"," ,01,02,99","Coupon Type","Code indicating the type of coupon being used.","A/N",,
"180",,,,,,,"3","486-ME","Coupon Number",,,,,,,,,,,,,,,,,,,,,,"Mandatory","Must use","NO",,"x(15)","1","15",,"Coupon Number","Unique serial number assigned to the prescription coupons.","A/N",,
"181",,,,,,,"4","487-NE","Coupon Value Amount",,,,,,,,,,,,,,,,,,,,,,"Optional","Used","NO",,"s9(6)v99","1","8",,"Coupon Value Amount","Value of the coupon.","D",,
"182",,,,"13","10","Compound",,,,,,,,,,,,,,,,,,,,,,,,,"Optional","Used","NO",,,,,,"Compound",,,,
"183",,,,,,,"1","111-AM","Segment Identification",,,,,,,,,,,,,,,,,,,,,,"Mandatory","Must use","NO",,"x(2)","1","2"," ,01,02,03,04,05,06,07,08,09,10,11,12,13,20,21,22,23,24,25,26","Segment Identification","Identifies the segment in the request and/or response.","A/N",,
"184",,,,,,,"2","450-EF","Compound Dosage Form Description Code",,,,,,,,,,,,,,,,,,,,,,"Mandatory","Must use","NO",,"x(2)","1","2"," ,01,02,03,04,05,06,07,10,11,12,13,14,15,16,17,18","Compound Dosage Form Description Code","Dosage form of the complete compound mixture.","A/N",,
"185",,,,,,,"3","451-EG","Compound Dispensing Unit Form Indicator",,,,,,,,,,,,,,,,,,,,,,"Mandatory","Must use","NO",,"9(1)","1","1","1,2,3","Compound Dispensing Unit Form Indicator","NCPDP standard product billing codes.","N",,
"186",,,,,,,"4","452-EH","Compound Route of Administration",,,,,,,,,,,,,,,,,,,,,,"Mandatory","Must use","NO",,"9(2)","1","2","0,1,2,3,4,5,6,7,8,9,10,11,12,13,14,15,16,17,18,19,20,21,22","Compound Route of Administration","Code for the route of administration of the complete compound mixture.","N",,
"187",,,,,,,,,,,,,,,,,,,"5","447-EC","Compound Ingredient Component Count",,,,,,,,,,"Mandatory","Must use","NO",,,,,,"Compound Ingredient Component Count",,,,
"188",,,,,,,,,,,,,,,,,,,,,,"6","447-EC","Compound Ingredient Component Count",,,,,,,"Mandatory","Must use","NO",,"9(2)","1","2",,"Compound Ingredient Component Count","Count of compound product IDs (both active and inactive) in the compound mixture submitted.","N",,
"189",,,,,,,,,,,,,,,,"7","447-EC","Compound Ingredient Component Count",,,,,,,,,,,,,"Mandatory","Must use","NO","99",,,,,"Compound Ingredient Component Count",,,,
"190",,,,,,,,,,"8","488-RE","Compound Product ID Qualifier",,,,,,,,,,,,,,,,,,,"Mandatory","Must use","NO",,,,,,"Compound Product ID Qualifier",,,,
"191",,,,,,,,,,,,,"9","488-RE","Compound Product ID Qualifier",,,,,,,,,,,,,,,,"Mandatory","Must use","NO",,"x(2)","1","2"," ,01,02,03,04,05,11,12,13,99","Compound Product ID Qualifier","Code qualifying the type of product dispensed.","A/N",,
"192",,,,,,,"10","489-TE","Compound Product ID",,,,,,,,,,,,,,,,,,,,,,"Mandatory","Must use","NO",,"x(19)","1","19",,"Compound Product ID","Product identification of an ingredient used in a compound.","A/N",,
"193",,,,,,,"11","448-ED","Compound Ingredient Quantity",,,,,,,,,,,,,,,,,,,,,,"Mandatory","Must use","NO",,"9(7)v999","1","10",,"Compound Ingredient Quantity","Amount expressed in metric decimal units of the product included in the compound mixture.","N",,
"194",,,,,,,"12","449-EE","Compound Ingredient Drug Cost",,,,,,,,,,,,,,,,,,,,,,"Optional","Used","NO",,"s9(6)v99","1","8",,"Compound Ingredient Drug Cost","Ingredient cost for the metric decimal quantity of the product included in the compound mixture indicated in ‘Compound Ingredient Quantity’ (Field 448-ED).","D",,
"195",,,,,,,"13","490-UE","Compound Ingredient Basis of Cost Determination",,,,,,,,,,,,,,,,,,,,,,"Optional","Used","NO",,"x(2)","1","2"," ,01,02,03,04,05,06,07,09","Compound Ingredient Basis of Cost Determination","Code indicating the method by which the drug cost of an ingredient used in a compound was calculated.","A/N",,
"196",,,,"14","13","Clinical",,,,,,,,,,,,,,,,,,,,,,,,,"Optional","Used","NO",,,,,,"Clinical",,,,
"197",,,,,,,"1","111-AM","Segment Identification",,,,,,,,,,,,,,,,,,,,,,"Mandatory","Must use","NO",,"x(2)","1","2"," ,01,02,03,04,05,06,07,08,09,10,11,12,13,20,21,22,23,24,25,26","Segment Identification","Identifies the segment in the request and/or response.","A/N",,
"198",,,,,,,,,,,,,,,,,,,"2","491-VE","Diagnosis Code Count",,,,,,,,,,"Optional","Used","NO",,,,,,"Diagnosis Code Count",,,,
"199",,,,,,,,,,,,,,,,,,,,,,"3","491-VE","Diagnosis Code Count",,,,,,,"Mandatory","Must use","NO",,"9(1)","1","1",,"Diagnosis Code Count","Count of diagnosis occurrences.","N",,
"200",,,,,,,,,,,,,,,,"4","491-VE","Diagnosis Code Count",,,,,,,,,,,,,"Optional","Used","NO","9",,,,,"Diagnosis Code Count",,,,
"201",,,,,,,,,,"5","492-WE","Diagnosis Code Qualifier",,,,,,,,,,,,,,,,,,,"Optional","Used","NO",,,,,,"Diagnosis Code Qualifier",,,,
"202",,,,,,,,,,,,,"6","492-WE","Diagnosis Code Qualifier",,,,,,,,,,,,,,,,"Mandatory","Must use","NO",,"x(2)","1","2"," ,00,01,02,03,04,05,06,07,99","Diagnosis Code Qualifier","Code qualifying the ‘Diagnosis Code’ (424-DO).","A/N",,
"203",,,,,,,"7","424-DO","Diagnosis Code",,,,,,,,,,,,,,,,,,,,,,"Mandatory","Must use","NO",,"x(15)","1","15",,"Diagnosis Code","Code identifying the diagnosis of the patient.","A/N",,
"204",,,,,,,,,,,,,,,,,,,,,,,,,"8","493-XE","Clinical Information Counter",,,,"Optional","Used","NO","9",,,,,"Clinical Information Counter",,,,
"205",,,,,,,,,,,,,,,,,,,,,,,,,,,,"9","493-XE","Clinical Information Counter","Mandatory","Must use","NO",,"9(1)","1","1",,"Clinical Information Counter","Counter number of clinical information measurement set/logical grouping.","N",,
"206",,,,,,,"11","494-ZE","Measurement Date",,,,,,,,,,,,,,,,,,,,,,"Optional","Used","NO",,"9(8)","1","8",,"Measurement Date","Date clinical information was collected or measured.","N",,
"207",,,,,,,"12","495-H1","Measurement Time",,,,,,,,,,,,,,,,,,,,,,"Optional","Used","NO",,"9(4)","1","4",,"Measurement Time","Time clinical information was collected or measured.","N",,
"208",,,,,,,"13","496-H2","Measurement Dimension",,,,,,,,,,,,,,,,,,,,,,"Optional","Used","NO",,"x(2)","1","2"," ,01,02,03,04,05,06,07,08,09,10,11,12,13,14,15,16,17,18,19,20,21,22,23,24,25,26,27,28,29,30,31,32,33,34,99","Measurement Dimension","Code indicating the clinical domain of the observed value in ‘Measurement Value’ (499­H4).","A/N",,
"209",,,,,,,"14","497-H3","Measurement Unit",,,,,,,,,,,,,,,,,,,,,,"Optional","Used","NO",,"x(2)","1","2"," ,01,02,03,04,05,06,07,08,09,10,11,12,13,14,15,16,17,18,19,20,21,22,23,24,25,26,27","Measurement Unit","Code indicating the metric or English units used with the clinical information.","A/N",,
"210",,,,,,,"15","499-H4","Measurement Value",,,,,,,,,,,,,,,,,,,,,,"Optional","Used","NO",,"x(15)","1","15",,"Measurement Value","Actual value of clinical information.","A/N",,
